{"version":"1.4.0","project":{"name":"Week2_d5c0a6989e","directory":"/home/albert/IdeaProjects/Miniscala/src/miniscala/Week2/.scala-build","workspaceDir":"/home/albert/IdeaProjects/Miniscala/src/miniscala/Week2","sources":["/home/albert/IdeaProjects/Miniscala/src/miniscala/Week2/CountIntList.scala","/home/albert/IdeaProjects/Miniscala/src/miniscala/Week2/Intlist.scala","/home/albert/IdeaProjects/Miniscala/src/miniscala/Week2/MyVarEnv.scala","/home/albert/IdeaProjects/Miniscala/src/miniscala/Week2/NatInt.scala","/home/albert/IdeaProjects/Miniscala/src/miniscala/Week2/ParseBlocksValDec.scala","/home/albert/IdeaProjects/Miniscala/src/miniscala/Week2/Simplify.scala"],"dependencies":[],"classpath":["/home/albert/.cache/coursier/v1/https/repo1.maven.org/maven2/org/scala-lang/scala3-library_3/3.6.3/scala3-library_3-3.6.3.jar","/home/albert/.cache/coursier/v1/https/repo1.maven.org/maven2/org/scala-lang/scala-library/2.13.15/scala-library-2.13.15.jar","/home/albert/.cache/coursier/v1/https/repo1.maven.org/maven2/com/sourcegraph/semanticdb-javac/0.10.0/semanticdb-javac-0.10.0.jar"],"out":"/home/albert/IdeaProjects/Miniscala/src/miniscala/Week2/.scala-build/.bloop/Week2_d5c0a6989e","classesDir":"/home/albert/IdeaProjects/Miniscala/src/miniscala/Week2/.scala-build/Week2_d5c0a6989e/classes/main","scala":{"organization":"org.scala-lang","name":"scala-compiler","version":"3.6.3","options":["-Xsemanticdb","-sourceroot","/home/albert/IdeaProjects/Miniscala/src/miniscala/Week2"],"jars":["/home/albert/.cache/coursier/v1/https/repo1.maven.org/maven2/org/scala-lang/scala3-compiler_3/3.6.3/scala3-compiler_3-3.6.3.jar","/home/albert/.cache/coursier/v1/https/repo1.maven.org/maven2/org/scala-lang/scala3-interfaces/3.6.3/scala3-interfaces-3.6.3.jar","/home/albert/.cache/coursier/v1/https/repo1.maven.org/maven2/org/scala-lang/scala3-library_3/3.6.3/scala3-library_3-3.6.3.jar","/home/albert/.cache/coursier/v1/https/repo1.maven.org/maven2/org/scala-lang/tasty-core_3/3.6.3/tasty-core_3-3.6.3.jar","/home/albert/.cache/coursier/v1/https/repo1.maven.org/maven2/org/scala-lang/modules/scala-asm/9.7.0-scala-2/scala-asm-9.7.0-scala-2.jar","/home/albert/.cache/coursier/v1/https/repo1.maven.org/maven2/org/scala-sbt/compiler-interface/1.9.6/compiler-interface-1.9.6.jar","/home/albert/.cache/coursier/v1/https/repo1.maven.org/maven2/org/jline/jline-reader/3.27.1/jline-reader-3.27.1.jar","/home/albert/.cache/coursier/v1/https/repo1.maven.org/maven2/org/jline/jline-terminal/3.27.1/jline-terminal-3.27.1.jar","/home/albert/.cache/coursier/v1/https/repo1.maven.org/maven2/org/jline/jline-terminal-jni/3.27.1/jline-terminal-jni-3.27.1.jar","/home/albert/.cache/coursier/v1/https/repo1.maven.org/maven2/org/scala-lang/scala-library/2.13.15/scala-library-2.13.15.jar","/home/albert/.cache/coursier/v1/https/repo1.maven.org/maven2/org/scala-sbt/util-interface/1.9.8/util-interface-1.9.8.jar","/home/albert/.cache/coursier/v1/https/repo1.maven.org/maven2/org/jline/jline-native/3.27.1/jline-native-3.27.1.jar"],"bridgeJars":["/home/albert/.cache/coursier/v1/https/repo1.maven.org/maven2/org/scala-lang/scala3-sbt-bridge/3.6.3/scala3-sbt-bridge-3.6.3.jar"]},"java":{"options":["-Xplugin:semanticdb -sourceroot:/home/albert/IdeaProjects/Miniscala/src/miniscala/Week2 -targetroot:javac-classes-directory","-J--add-exports","-Jjdk.compiler/com.sun.tools.javac.api=ALL-UNNAMED","-J--add-exports","-Jjdk.compiler/com.sun.tools.javac.code=ALL-UNNAMED","-J--add-exports","-Jjdk.compiler/com.sun.tools.javac.model=ALL-UNNAMED","-J--add-exports","-Jjdk.compiler/com.sun.tools.javac.tree=ALL-UNNAMED","-J--add-exports","-Jjdk.compiler/com.sun.tools.javac.util=ALL-UNNAMED"]},"platform":{"name":"jvm","config":{"home":"/usr/lib/jvm/jdk-23.0.2-oracle-x64","options":[]},"mainClass":[]},"resolution":{"modules":[{"organization":"org.scala-lang","name":"scala3-library_3","version":"3.6.3","artifacts":[{"name":"scala3-library_3","path":"/home/albert/.cache/coursier/v1/https/repo1.maven.org/maven2/org/scala-lang/scala3-library_3/3.6.3/scala3-library_3-3.6.3.jar"},{"name":"scala3-library_3","classifier":"sources","path":"/home/albert/.cache/coursier/v1/https/repo1.maven.org/maven2/org/scala-lang/scala3-library_3/3.6.3/scala3-library_3-3.6.3-sources.jar"}]},{"organization":"org.scala-lang","name":"scala-library","version":"2.13.15","artifacts":[{"name":"scala-library","path":"/home/albert/.cache/coursier/v1/https/repo1.maven.org/maven2/org/scala-lang/scala-library/2.13.15/scala-library-2.13.15.jar"},{"name":"scala-library","classifier":"sources","path":"/home/albert/.cache/coursier/v1/https/repo1.maven.org/maven2/org/scala-lang/scala-library/2.13.15/scala-library-2.13.15-sources.jar"}]}]},"tags":["library"]}}